--
-- PostgreSQL database cluster dump
--

SET default_transaction_read_only = off;

SET client_encoding = 'UTF8';
SET standard_conforming_strings = on;

--
-- Roles
--

CREATE ROLE jaswinder;
ALTER ROLE jaswinder WITH SUPERUSER INHERIT CREATEROLE CREATEDB LOGIN NOREPLICATION NOBYPASSRLS PASSWORD 'md5f429d9a0cb62eef03e00b2b9a5abc712';
CREATE ROLE postgres;
ALTER ROLE postgres WITH SUPERUSER INHERIT CREATEROLE CREATEDB LOGIN REPLICATION BYPASSRLS;






--
-- Databases
--

--
-- Database "template1" dump
--

\connect template1

--
-- PostgreSQL database dump
--

-- Dumped from database version 12.19 (Ubuntu 12.19-0ubuntu0.20.04.1)
-- Dumped by pg_dump version 12.19 (Ubuntu 12.19-0ubuntu0.20.04.1)

SET statement_timeout = 0;
SET lock_timeout = 0;
SET idle_in_transaction_session_timeout = 0;
SET client_encoding = 'UTF8';
SET standard_conforming_strings = on;
SELECT pg_catalog.set_config('search_path', '', false);
SET check_function_bodies = false;
SET xmloption = content;
SET client_min_messages = warning;
SET row_security = off;

--
-- PostgreSQL database dump complete
--

--
-- Database "hotel_booking_db" dump
--

--
-- PostgreSQL database dump
--

-- Dumped from database version 12.19 (Ubuntu 12.19-0ubuntu0.20.04.1)
-- Dumped by pg_dump version 12.19 (Ubuntu 12.19-0ubuntu0.20.04.1)

SET statement_timeout = 0;
SET lock_timeout = 0;
SET idle_in_transaction_session_timeout = 0;
SET client_encoding = 'UTF8';
SET standard_conforming_strings = on;
SELECT pg_catalog.set_config('search_path', '', false);
SET check_function_bodies = false;
SET xmloption = content;
SET client_min_messages = warning;
SET row_security = off;

--
-- Name: hotel_booking_db; Type: DATABASE; Schema: -; Owner: postgres
--

CREATE DATABASE hotel_booking_db WITH TEMPLATE = template0 ENCODING = 'UTF8' LC_COLLATE = 'en_IN' LC_CTYPE = 'en_IN';


ALTER DATABASE hotel_booking_db OWNER TO postgres;

\connect hotel_booking_db

SET statement_timeout = 0;
SET lock_timeout = 0;
SET idle_in_transaction_session_timeout = 0;
SET client_encoding = 'UTF8';
SET standard_conforming_strings = on;
SELECT pg_catalog.set_config('search_path', '', false);
SET check_function_bodies = false;
SET xmloption = content;
SET client_min_messages = warning;
SET row_security = off;

SET default_tablespace = '';

SET default_table_access_method = heap;

--
-- Name: auth_group; Type: TABLE; Schema: public; Owner: jaswinder
--

CREATE TABLE public.auth_group (
    id integer NOT NULL,
    name character varying(150) NOT NULL
);


ALTER TABLE public.auth_group OWNER TO jaswinder;

--
-- Name: auth_group_id_seq; Type: SEQUENCE; Schema: public; Owner: jaswinder
--

ALTER TABLE public.auth_group ALTER COLUMN id ADD GENERATED BY DEFAULT AS IDENTITY (
    SEQUENCE NAME public.auth_group_id_seq
    START WITH 1
    INCREMENT BY 1
    NO MINVALUE
    NO MAXVALUE
    CACHE 1
);


--
-- Name: auth_group_permissions; Type: TABLE; Schema: public; Owner: jaswinder
--

CREATE TABLE public.auth_group_permissions (
    id integer NOT NULL,
    group_id integer NOT NULL,
    permission_id integer NOT NULL
);


ALTER TABLE public.auth_group_permissions OWNER TO jaswinder;

--
-- Name: auth_group_permissions_id_seq; Type: SEQUENCE; Schema: public; Owner: jaswinder
--

ALTER TABLE public.auth_group_permissions ALTER COLUMN id ADD GENERATED BY DEFAULT AS IDENTITY (
    SEQUENCE NAME public.auth_group_permissions_id_seq
    START WITH 1
    INCREMENT BY 1
    NO MINVALUE
    NO MAXVALUE
    CACHE 1
);


--
-- Name: auth_permission; Type: TABLE; Schema: public; Owner: jaswinder
--

CREATE TABLE public.auth_permission (
    id integer NOT NULL,
    name character varying(255) NOT NULL,
    content_type_id integer NOT NULL,
    codename character varying(100) NOT NULL
);


ALTER TABLE public.auth_permission OWNER TO jaswinder;

--
-- Name: auth_permission_id_seq; Type: SEQUENCE; Schema: public; Owner: jaswinder
--

ALTER TABLE public.auth_permission ALTER COLUMN id ADD GENERATED BY DEFAULT AS IDENTITY (
    SEQUENCE NAME public.auth_permission_id_seq
    START WITH 1
    INCREMENT BY 1
    NO MINVALUE
    NO MAXVALUE
    CACHE 1
);


--
-- Name: auth_user; Type: TABLE; Schema: public; Owner: jaswinder
--

CREATE TABLE public.auth_user (
    id integer NOT NULL,
    password character varying(128) NOT NULL,
    last_login timestamp with time zone,
    is_superuser boolean NOT NULL,
    username character varying(150) NOT NULL,
    first_name character varying(150) NOT NULL,
    last_name character varying(150) NOT NULL,
    email character varying(254) NOT NULL,
    is_staff boolean NOT NULL,
    is_active boolean NOT NULL,
    date_joined timestamp with time zone NOT NULL
);


ALTER TABLE public.auth_user OWNER TO jaswinder;

--
-- Name: auth_user_groups; Type: TABLE; Schema: public; Owner: jaswinder
--

CREATE TABLE public.auth_user_groups (
    id integer NOT NULL,
    user_id integer NOT NULL,
    group_id integer NOT NULL
);


ALTER TABLE public.auth_user_groups OWNER TO jaswinder;

--
-- Name: auth_user_groups_id_seq; Type: SEQUENCE; Schema: public; Owner: jaswinder
--

ALTER TABLE public.auth_user_groups ALTER COLUMN id ADD GENERATED BY DEFAULT AS IDENTITY (
    SEQUENCE NAME public.auth_user_groups_id_seq
    START WITH 1
    INCREMENT BY 1
    NO MINVALUE
    NO MAXVALUE
    CACHE 1
);


--
-- Name: auth_user_id_seq; Type: SEQUENCE; Schema: public; Owner: jaswinder
--

ALTER TABLE public.auth_user ALTER COLUMN id ADD GENERATED BY DEFAULT AS IDENTITY (
    SEQUENCE NAME public.auth_user_id_seq
    START WITH 1
    INCREMENT BY 1
    NO MINVALUE
    NO MAXVALUE
    CACHE 1
);


--
-- Name: auth_user_user_permissions; Type: TABLE; Schema: public; Owner: jaswinder
--

CREATE TABLE public.auth_user_user_permissions (
    id integer NOT NULL,
    user_id integer NOT NULL,
    permission_id integer NOT NULL
);


ALTER TABLE public.auth_user_user_permissions OWNER TO jaswinder;

--
-- Name: auth_user_user_permissions_id_seq; Type: SEQUENCE; Schema: public; Owner: jaswinder
--

ALTER TABLE public.auth_user_user_permissions ALTER COLUMN id ADD GENERATED BY DEFAULT AS IDENTITY (
    SEQUENCE NAME public.auth_user_user_permissions_id_seq
    START WITH 1
    INCREMENT BY 1
    NO MINVALUE
    NO MAXVALUE
    CACHE 1
);


--
-- Name: booking_booking; Type: TABLE; Schema: public; Owner: jaswinder
--

CREATE TABLE public.booking_booking (
    id integer NOT NULL,
    check_in_date date NOT NULL,
    check_out_date date NOT NULL,
    total_price numeric(10,2) NOT NULL,
    booking_status character varying(10) NOT NULL,
    payment_status character varying(10) NOT NULL,
    room_id integer NOT NULL,
    user_id integer NOT NULL
);


ALTER TABLE public.booking_booking OWNER TO jaswinder;

--
-- Name: booking_booking_id_seq; Type: SEQUENCE; Schema: public; Owner: jaswinder
--

ALTER TABLE public.booking_booking ALTER COLUMN id ADD GENERATED BY DEFAULT AS IDENTITY (
    SEQUENCE NAME public.booking_booking_id_seq
    START WITH 1
    INCREMENT BY 1
    NO MINVALUE
    NO MAXVALUE
    CACHE 1
);


--
-- Name: booking_hotel; Type: TABLE; Schema: public; Owner: jaswinder
--

CREATE TABLE public.booking_hotel (
    id integer NOT NULL,
    name character varying(255) NOT NULL,
    city character varying(100) NOT NULL,
    address text NOT NULL,
    star_rating numeric(2,1) NOT NULL,
    description text NOT NULL,
    amenities jsonb NOT NULL
);


ALTER TABLE public.booking_hotel OWNER TO jaswinder;

--
-- Name: booking_hotel_id_seq; Type: SEQUENCE; Schema: public; Owner: jaswinder
--

ALTER TABLE public.booking_hotel ALTER COLUMN id ADD GENERATED BY DEFAULT AS IDENTITY (
    SEQUENCE NAME public.booking_hotel_id_seq
    START WITH 1
    INCREMENT BY 1
    NO MINVALUE
    NO MAXVALUE
    CACHE 1
);


--
-- Name: booking_room; Type: TABLE; Schema: public; Owner: jaswinder
--

CREATE TABLE public.booking_room (
    id integer NOT NULL,
    room_number character varying(10) NOT NULL,
    room_type character varying(50) NOT NULL,
    base_price_per_night numeric(10,2) NOT NULL,
    dynamic_price_modifier numeric(5,2) NOT NULL,
    is_available boolean NOT NULL,
    booked_dates jsonb NOT NULL,
    hotel_id integer NOT NULL
);


ALTER TABLE public.booking_room OWNER TO jaswinder;

--
-- Name: booking_room_id_seq; Type: SEQUENCE; Schema: public; Owner: jaswinder
--

ALTER TABLE public.booking_room ALTER COLUMN id ADD GENERATED BY DEFAULT AS IDENTITY (
    SEQUENCE NAME public.booking_room_id_seq
    START WITH 1
    INCREMENT BY 1
    NO MINVALUE
    NO MAXVALUE
    CACHE 1
);


--
-- Name: django_admin_log; Type: TABLE; Schema: public; Owner: jaswinder
--

CREATE TABLE public.django_admin_log (
    id integer NOT NULL,
    action_time timestamp with time zone NOT NULL,
    object_id text,
    object_repr character varying(200) NOT NULL,
    action_flag smallint NOT NULL,
    change_message text NOT NULL,
    content_type_id integer,
    user_id integer NOT NULL,
    CONSTRAINT django_admin_log_action_flag_check CHECK ((action_flag >= 0))
);


ALTER TABLE public.django_admin_log OWNER TO jaswinder;

--
-- Name: django_admin_log_id_seq; Type: SEQUENCE; Schema: public; Owner: jaswinder
--

ALTER TABLE public.django_admin_log ALTER COLUMN id ADD GENERATED BY DEFAULT AS IDENTITY (
    SEQUENCE NAME public.django_admin_log_id_seq
    START WITH 1
    INCREMENT BY 1
    NO MINVALUE
    NO MAXVALUE
    CACHE 1
);


--
-- Name: django_content_type; Type: TABLE; Schema: public; Owner: jaswinder
--

CREATE TABLE public.django_content_type (
    id integer NOT NULL,
    app_label character varying(100) NOT NULL,
    model character varying(100) NOT NULL
);


ALTER TABLE public.django_content_type OWNER TO jaswinder;

--
-- Name: django_content_type_id_seq; Type: SEQUENCE; Schema: public; Owner: jaswinder
--

ALTER TABLE public.django_content_type ALTER COLUMN id ADD GENERATED BY DEFAULT AS IDENTITY (
    SEQUENCE NAME public.django_content_type_id_seq
    START WITH 1
    INCREMENT BY 1
    NO MINVALUE
    NO MAXVALUE
    CACHE 1
);


--
-- Name: django_migrations; Type: TABLE; Schema: public; Owner: jaswinder
--

CREATE TABLE public.django_migrations (
    id integer NOT NULL,
    app character varying(255) NOT NULL,
    name character varying(255) NOT NULL,
    applied timestamp with time zone NOT NULL
);


ALTER TABLE public.django_migrations OWNER TO jaswinder;

--
-- Name: django_migrations_id_seq; Type: SEQUENCE; Schema: public; Owner: jaswinder
--

ALTER TABLE public.django_migrations ALTER COLUMN id ADD GENERATED BY DEFAULT AS IDENTITY (
    SEQUENCE NAME public.django_migrations_id_seq
    START WITH 1
    INCREMENT BY 1
    NO MINVALUE
    NO MAXVALUE
    CACHE 1
);


--
-- Name: django_session; Type: TABLE; Schema: public; Owner: jaswinder
--

CREATE TABLE public.django_session (
    session_key character varying(40) NOT NULL,
    session_data text NOT NULL,
    expire_date timestamp with time zone NOT NULL
);


ALTER TABLE public.django_session OWNER TO jaswinder;

--
-- Data for Name: auth_group; Type: TABLE DATA; Schema: public; Owner: jaswinder
--

COPY public.auth_group (id, name) FROM stdin;
\.


--
-- Data for Name: auth_group_permissions; Type: TABLE DATA; Schema: public; Owner: jaswinder
--

COPY public.auth_group_permissions (id, group_id, permission_id) FROM stdin;
\.


--
-- Data for Name: auth_permission; Type: TABLE DATA; Schema: public; Owner: jaswinder
--

COPY public.auth_permission (id, name, content_type_id, codename) FROM stdin;
1	Can add log entry	1	add_logentry
2	Can change log entry	1	change_logentry
3	Can delete log entry	1	delete_logentry
4	Can view log entry	1	view_logentry
5	Can add permission	2	add_permission
6	Can change permission	2	change_permission
7	Can delete permission	2	delete_permission
8	Can view permission	2	view_permission
9	Can add group	3	add_group
10	Can change group	3	change_group
11	Can delete group	3	delete_group
12	Can view group	3	view_group
13	Can add user	4	add_user
14	Can change user	4	change_user
15	Can delete user	4	delete_user
16	Can view user	4	view_user
17	Can add content type	5	add_contenttype
18	Can change content type	5	change_contenttype
19	Can delete content type	5	delete_contenttype
20	Can view content type	5	view_contenttype
21	Can add session	6	add_session
22	Can change session	6	change_session
23	Can delete session	6	delete_session
24	Can view session	6	view_session
25	Can add hotel	7	add_hotel
26	Can change hotel	7	change_hotel
27	Can delete hotel	7	delete_hotel
28	Can view hotel	7	view_hotel
29	Can add room	8	add_room
30	Can change room	8	change_room
31	Can delete room	8	delete_room
32	Can view room	8	view_room
33	Can add booking	9	add_booking
34	Can change booking	9	change_booking
35	Can delete booking	9	delete_booking
36	Can view booking	9	view_booking
\.


--
-- Data for Name: auth_user; Type: TABLE DATA; Schema: public; Owner: jaswinder
--

COPY public.auth_user (id, password, last_login, is_superuser, username, first_name, last_name, email, is_staff, is_active, date_joined) FROM stdin;
1	pbkdf2_sha256$390000$Kc7UuAHCprmbssIgkjxnrn$1U7vdDr2b059zjdzRIDOyAQDiYQQdqPSUSVXthNu49s=	\N	t	jaswinder			jaswinderroy786@gmail.com	t	t	2024-08-17 21:32:10.350868+05:30
\.


--
-- Data for Name: auth_user_groups; Type: TABLE DATA; Schema: public; Owner: jaswinder
--

COPY public.auth_user_groups (id, user_id, group_id) FROM stdin;
\.


--
-- Data for Name: auth_user_user_permissions; Type: TABLE DATA; Schema: public; Owner: jaswinder
--

COPY public.auth_user_user_permissions (id, user_id, permission_id) FROM stdin;
\.


--
-- Data for Name: booking_booking; Type: TABLE DATA; Schema: public; Owner: jaswinder
--

COPY public.booking_booking (id, check_in_date, check_out_date, total_price, booking_status, payment_status, room_id, user_id) FROM stdin;
1	2024-08-18	2024-08-17	-120.00	Booked	Completed	1	1
2	2024-08-18	2024-08-17	-121.20	Booked	Pending	2	1
3	2024-08-20	2024-08-21	121.20	Booked	Pending	3	1
\.


--
-- Data for Name: booking_hotel; Type: TABLE DATA; Schema: public; Owner: jaswinder
--

COPY public.booking_hotel (id, name, city, address, star_rating, description, amenities) FROM stdin;
1	Luxury Hotel	Los Angeles	456 Ocean Drive	5.0	A luxurious beachfront hotel.	{"gym": true, "spa": true, "pool": true, "wifi": true}
2	Luxury Hotel	ghs	Ocean Drive	4.0	A luxurious beachfront hotel.	{"gym": true, "spa": true, "pool": true, "wifi": true}
3	Luxury Hotel	ghs	Ocean Drive	4.0	A luxurious beachfront hotel.	{"gym": true, "spa": true, "pool": true, "wifi": true}
4	Luxury Hotel	ghs	Ocean Drive	4.0	A luxurious beachfront hotel.	{"gym": true, "spa": true, "pool": true, "wifi": true}
\.


--
-- Data for Name: booking_room; Type: TABLE DATA; Schema: public; Owner: jaswinder
--

COPY public.booking_room (id, room_number, room_type, base_price_per_night, dynamic_price_modifier, is_available, booked_dates, hotel_id) FROM stdin;
1	101	Single	100.00	1.20	f	[{"check_in": "2024-08-18", "check_out": "2024-08-17"}]	1
2	10	Double	101.00	1.20	f	[{"check_in": "2024-08-18", "check_out": "2024-08-17"}]	2
3	10	Double	101.00	1.20	f	[{"check_in": "2024-08-20", "check_out": "2024-08-21"}]	1
4	101	Single	100.00	1.20	t	[]	4
\.


--
-- Data for Name: django_admin_log; Type: TABLE DATA; Schema: public; Owner: jaswinder
--

COPY public.django_admin_log (id, action_time, object_id, object_repr, action_flag, change_message, content_type_id, user_id) FROM stdin;
\.


--
-- Data for Name: django_content_type; Type: TABLE DATA; Schema: public; Owner: jaswinder
--

COPY public.django_content_type (id, app_label, model) FROM stdin;
1	admin	logentry
2	auth	permission
3	auth	group
4	auth	user
5	contenttypes	contenttype
6	sessions	session
7	booking	hotel
8	booking	room
9	booking	booking
\.


--
-- Data for Name: django_migrations; Type: TABLE DATA; Schema: public; Owner: jaswinder
--

COPY public.django_migrations (id, app, name, applied) FROM stdin;
1	contenttypes	0001_initial	2024-08-17 13:19:29.5952+05:30
2	auth	0001_initial	2024-08-17 13:19:29.767641+05:30
3	admin	0001_initial	2024-08-17 13:19:29.817375+05:30
4	admin	0002_logentry_remove_auto_add	2024-08-17 13:19:29.846715+05:30
5	admin	0003_logentry_add_action_flag_choices	2024-08-17 13:19:29.872373+05:30
6	contenttypes	0002_remove_content_type_name	2024-08-17 13:19:29.91886+05:30
7	auth	0002_alter_permission_name_max_length	2024-08-17 13:19:29.941109+05:30
8	auth	0003_alter_user_email_max_length	2024-08-17 13:19:29.959148+05:30
9	auth	0004_alter_user_username_opts	2024-08-17 13:19:29.976393+05:30
10	auth	0005_alter_user_last_login_null	2024-08-17 13:19:29.993353+05:30
11	auth	0006_require_contenttypes_0002	2024-08-17 13:19:29.997511+05:30
12	auth	0007_alter_validators_add_error_messages	2024-08-17 13:19:30.019474+05:30
13	auth	0008_alter_user_username_max_length	2024-08-17 13:19:30.038682+05:30
14	auth	0009_alter_user_last_name_max_length	2024-08-17 13:19:30.051058+05:30
15	auth	0010_alter_group_name_max_length	2024-08-17 13:19:30.069782+05:30
16	auth	0011_update_proxy_permissions	2024-08-17 13:19:30.089894+05:30
17	auth	0012_alter_user_first_name_max_length	2024-08-17 13:19:30.110241+05:30
18	booking	0001_initial	2024-08-17 13:19:30.20657+05:30
19	sessions	0001_initial	2024-08-17 13:19:30.238605+05:30
\.


--
-- Data for Name: django_session; Type: TABLE DATA; Schema: public; Owner: jaswinder
--

COPY public.django_session (session_key, session_data, expire_date) FROM stdin;
\.


--
-- Name: auth_group_id_seq; Type: SEQUENCE SET; Schema: public; Owner: jaswinder
--

SELECT pg_catalog.setval('public.auth_group_id_seq', 1, false);


--
-- Name: auth_group_permissions_id_seq; Type: SEQUENCE SET; Schema: public; Owner: jaswinder
--

SELECT pg_catalog.setval('public.auth_group_permissions_id_seq', 1, false);


--
-- Name: auth_permission_id_seq; Type: SEQUENCE SET; Schema: public; Owner: jaswinder
--

SELECT pg_catalog.setval('public.auth_permission_id_seq', 36, true);


--
-- Name: auth_user_groups_id_seq; Type: SEQUENCE SET; Schema: public; Owner: jaswinder
--

SELECT pg_catalog.setval('public.auth_user_groups_id_seq', 1, false);


--
-- Name: auth_user_id_seq; Type: SEQUENCE SET; Schema: public; Owner: jaswinder
--

SELECT pg_catalog.setval('public.auth_user_id_seq', 1, true);


--
-- Name: auth_user_user_permissions_id_seq; Type: SEQUENCE SET; Schema: public; Owner: jaswinder
--

SELECT pg_catalog.setval('public.auth_user_user_permissions_id_seq', 1, false);


--
-- Name: booking_booking_id_seq; Type: SEQUENCE SET; Schema: public; Owner: jaswinder
--

SELECT pg_catalog.setval('public.booking_booking_id_seq', 3, true);


--
-- Name: booking_hotel_id_seq; Type: SEQUENCE SET; Schema: public; Owner: jaswinder
--

SELECT pg_catalog.setval('public.booking_hotel_id_seq', 4, true);


--
-- Name: booking_room_id_seq; Type: SEQUENCE SET; Schema: public; Owner: jaswinder
--

SELECT pg_catalog.setval('public.booking_room_id_seq', 4, true);


--
-- Name: django_admin_log_id_seq; Type: SEQUENCE SET; Schema: public; Owner: jaswinder
--

SELECT pg_catalog.setval('public.django_admin_log_id_seq', 1, false);


--
-- Name: django_content_type_id_seq; Type: SEQUENCE SET; Schema: public; Owner: jaswinder
--

SELECT pg_catalog.setval('public.django_content_type_id_seq', 9, true);


--
-- Name: django_migrations_id_seq; Type: SEQUENCE SET; Schema: public; Owner: jaswinder
--

SELECT pg_catalog.setval('public.django_migrations_id_seq', 19, true);


--
-- Name: auth_group auth_group_name_key; Type: CONSTRAINT; Schema: public; Owner: jaswinder
--

ALTER TABLE ONLY public.auth_group
    ADD CONSTRAINT auth_group_name_key UNIQUE (name);


--
-- Name: auth_group_permissions auth_group_permissions_group_id_permission_id_0cd325b0_uniq; Type: CONSTRAINT; Schema: public; Owner: jaswinder
--

ALTER TABLE ONLY public.auth_group_permissions
    ADD CONSTRAINT auth_group_permissions_group_id_permission_id_0cd325b0_uniq UNIQUE (group_id, permission_id);


--
-- Name: auth_group_permissions auth_group_permissions_pkey; Type: CONSTRAINT; Schema: public; Owner: jaswinder
--

ALTER TABLE ONLY public.auth_group_permissions
    ADD CONSTRAINT auth_group_permissions_pkey PRIMARY KEY (id);


--
-- Name: auth_group auth_group_pkey; Type: CONSTRAINT; Schema: public; Owner: jaswinder
--

ALTER TABLE ONLY public.auth_group
    ADD CONSTRAINT auth_group_pkey PRIMARY KEY (id);


--
-- Name: auth_permission auth_permission_content_type_id_codename_01ab375a_uniq; Type: CONSTRAINT; Schema: public; Owner: jaswinder
--

ALTER TABLE ONLY public.auth_permission
    ADD CONSTRAINT auth_permission_content_type_id_codename_01ab375a_uniq UNIQUE (content_type_id, codename);


--
-- Name: auth_permission auth_permission_pkey; Type: CONSTRAINT; Schema: public; Owner: jaswinder
--

ALTER TABLE ONLY public.auth_permission
    ADD CONSTRAINT auth_permission_pkey PRIMARY KEY (id);


--
-- Name: auth_user_groups auth_user_groups_pkey; Type: CONSTRAINT; Schema: public; Owner: jaswinder
--

ALTER TABLE ONLY public.auth_user_groups
    ADD CONSTRAINT auth_user_groups_pkey PRIMARY KEY (id);


--
-- Name: auth_user_groups auth_user_groups_user_id_group_id_94350c0c_uniq; Type: CONSTRAINT; Schema: public; Owner: jaswinder
--

ALTER TABLE ONLY public.auth_user_groups
    ADD CONSTRAINT auth_user_groups_user_id_group_id_94350c0c_uniq UNIQUE (user_id, group_id);


--
-- Name: auth_user auth_user_pkey; Type: CONSTRAINT; Schema: public; Owner: jaswinder
--

ALTER TABLE ONLY public.auth_user
    ADD CONSTRAINT auth_user_pkey PRIMARY KEY (id);


--
-- Name: auth_user_user_permissions auth_user_user_permissions_pkey; Type: CONSTRAINT; Schema: public; Owner: jaswinder
--

ALTER TABLE ONLY public.auth_user_user_permissions
    ADD CONSTRAINT auth_user_user_permissions_pkey PRIMARY KEY (id);


--
-- Name: auth_user_user_permissions auth_user_user_permissions_user_id_permission_id_14a6b632_uniq; Type: CONSTRAINT; Schema: public; Owner: jaswinder
--

ALTER TABLE ONLY public.auth_user_user_permissions
    ADD CONSTRAINT auth_user_user_permissions_user_id_permission_id_14a6b632_uniq UNIQUE (user_id, permission_id);


--
-- Name: auth_user auth_user_username_key; Type: CONSTRAINT; Schema: public; Owner: jaswinder
--

ALTER TABLE ONLY public.auth_user
    ADD CONSTRAINT auth_user_username_key UNIQUE (username);


--
-- Name: booking_booking booking_booking_pkey; Type: CONSTRAINT; Schema: public; Owner: jaswinder
--

ALTER TABLE ONLY public.booking_booking
    ADD CONSTRAINT booking_booking_pkey PRIMARY KEY (id);


--
-- Name: booking_hotel booking_hotel_pkey; Type: CONSTRAINT; Schema: public; Owner: jaswinder
--

ALTER TABLE ONLY public.booking_hotel
    ADD CONSTRAINT booking_hotel_pkey PRIMARY KEY (id);


--
-- Name: booking_room booking_room_pkey; Type: CONSTRAINT; Schema: public; Owner: jaswinder
--

ALTER TABLE ONLY public.booking_room
    ADD CONSTRAINT booking_room_pkey PRIMARY KEY (id);


--
-- Name: django_admin_log django_admin_log_pkey; Type: CONSTRAINT; Schema: public; Owner: jaswinder
--

ALTER TABLE ONLY public.django_admin_log
    ADD CONSTRAINT django_admin_log_pkey PRIMARY KEY (id);


--
-- Name: django_content_type django_content_type_app_label_model_76bd3d3b_uniq; Type: CONSTRAINT; Schema: public; Owner: jaswinder
--

ALTER TABLE ONLY public.django_content_type
    ADD CONSTRAINT django_content_type_app_label_model_76bd3d3b_uniq UNIQUE (app_label, model);


--
-- Name: django_content_type django_content_type_pkey; Type: CONSTRAINT; Schema: public; Owner: jaswinder
--

ALTER TABLE ONLY public.django_content_type
    ADD CONSTRAINT django_content_type_pkey PRIMARY KEY (id);


--
-- Name: django_migrations django_migrations_pkey; Type: CONSTRAINT; Schema: public; Owner: jaswinder
--

ALTER TABLE ONLY public.django_migrations
    ADD CONSTRAINT django_migrations_pkey PRIMARY KEY (id);


--
-- Name: django_session django_session_pkey; Type: CONSTRAINT; Schema: public; Owner: jaswinder
--

ALTER TABLE ONLY public.django_session
    ADD CONSTRAINT django_session_pkey PRIMARY KEY (session_key);


--
-- Name: auth_group_name_a6ea08ec_like; Type: INDEX; Schema: public; Owner: jaswinder
--

CREATE INDEX auth_group_name_a6ea08ec_like ON public.auth_group USING btree (name varchar_pattern_ops);


--
-- Name: auth_group_permissions_group_id_b120cbf9; Type: INDEX; Schema: public; Owner: jaswinder
--

CREATE INDEX auth_group_permissions_group_id_b120cbf9 ON public.auth_group_permissions USING btree (group_id);


--
-- Name: auth_group_permissions_permission_id_84c5c92e; Type: INDEX; Schema: public; Owner: jaswinder
--

CREATE INDEX auth_group_permissions_permission_id_84c5c92e ON public.auth_group_permissions USING btree (permission_id);


--
-- Name: auth_permission_content_type_id_2f476e4b; Type: INDEX; Schema: public; Owner: jaswinder
--

CREATE INDEX auth_permission_content_type_id_2f476e4b ON public.auth_permission USING btree (content_type_id);


--
-- Name: auth_user_groups_group_id_97559544; Type: INDEX; Schema: public; Owner: jaswinder
--

CREATE INDEX auth_user_groups_group_id_97559544 ON public.auth_user_groups USING btree (group_id);


--
-- Name: auth_user_groups_user_id_6a12ed8b; Type: INDEX; Schema: public; Owner: jaswinder
--

CREATE INDEX auth_user_groups_user_id_6a12ed8b ON public.auth_user_groups USING btree (user_id);


--
-- Name: auth_user_user_permissions_permission_id_1fbb5f2c; Type: INDEX; Schema: public; Owner: jaswinder
--

CREATE INDEX auth_user_user_permissions_permission_id_1fbb5f2c ON public.auth_user_user_permissions USING btree (permission_id);


--
-- Name: auth_user_user_permissions_user_id_a95ead1b; Type: INDEX; Schema: public; Owner: jaswinder
--

CREATE INDEX auth_user_user_permissions_user_id_a95ead1b ON public.auth_user_user_permissions USING btree (user_id);


--
-- Name: auth_user_username_6821ab7c_like; Type: INDEX; Schema: public; Owner: jaswinder
--

CREATE INDEX auth_user_username_6821ab7c_like ON public.auth_user USING btree (username varchar_pattern_ops);


--
-- Name: booking_booking_room_id_8844468d; Type: INDEX; Schema: public; Owner: jaswinder
--

CREATE INDEX booking_booking_room_id_8844468d ON public.booking_booking USING btree (room_id);


--
-- Name: booking_booking_user_id_e1eb6912; Type: INDEX; Schema: public; Owner: jaswinder
--

CREATE INDEX booking_booking_user_id_e1eb6912 ON public.booking_booking USING btree (user_id);


--
-- Name: booking_room_hotel_id_adb8f31e; Type: INDEX; Schema: public; Owner: jaswinder
--

CREATE INDEX booking_room_hotel_id_adb8f31e ON public.booking_room USING btree (hotel_id);


--
-- Name: django_admin_log_content_type_id_c4bce8eb; Type: INDEX; Schema: public; Owner: jaswinder
--

CREATE INDEX django_admin_log_content_type_id_c4bce8eb ON public.django_admin_log USING btree (content_type_id);


--
-- Name: django_admin_log_user_id_c564eba6; Type: INDEX; Schema: public; Owner: jaswinder
--

CREATE INDEX django_admin_log_user_id_c564eba6 ON public.django_admin_log USING btree (user_id);


--
-- Name: django_session_expire_date_a5c62663; Type: INDEX; Schema: public; Owner: jaswinder
--

CREATE INDEX django_session_expire_date_a5c62663 ON public.django_session USING btree (expire_date);


--
-- Name: django_session_session_key_c0390e0f_like; Type: INDEX; Schema: public; Owner: jaswinder
--

CREATE INDEX django_session_session_key_c0390e0f_like ON public.django_session USING btree (session_key varchar_pattern_ops);


--
-- Name: auth_group_permissions auth_group_permissio_permission_id_84c5c92e_fk_auth_perm; Type: FK CONSTRAINT; Schema: public; Owner: jaswinder
--

ALTER TABLE ONLY public.auth_group_permissions
    ADD CONSTRAINT auth_group_permissio_permission_id_84c5c92e_fk_auth_perm FOREIGN KEY (permission_id) REFERENCES public.auth_permission(id) DEFERRABLE INITIALLY DEFERRED;


--
-- Name: auth_group_permissions auth_group_permissions_group_id_b120cbf9_fk_auth_group_id; Type: FK CONSTRAINT; Schema: public; Owner: jaswinder
--

ALTER TABLE ONLY public.auth_group_permissions
    ADD CONSTRAINT auth_group_permissions_group_id_b120cbf9_fk_auth_group_id FOREIGN KEY (group_id) REFERENCES public.auth_group(id) DEFERRABLE INITIALLY DEFERRED;


--
-- Name: auth_permission auth_permission_content_type_id_2f476e4b_fk_django_co; Type: FK CONSTRAINT; Schema: public; Owner: jaswinder
--

ALTER TABLE ONLY public.auth_permission
    ADD CONSTRAINT auth_permission_content_type_id_2f476e4b_fk_django_co FOREIGN KEY (content_type_id) REFERENCES public.django_content_type(id) DEFERRABLE INITIALLY DEFERRED;


--
-- Name: auth_user_groups auth_user_groups_group_id_97559544_fk_auth_group_id; Type: FK CONSTRAINT; Schema: public; Owner: jaswinder
--

ALTER TABLE ONLY public.auth_user_groups
    ADD CONSTRAINT auth_user_groups_group_id_97559544_fk_auth_group_id FOREIGN KEY (group_id) REFERENCES public.auth_group(id) DEFERRABLE INITIALLY DEFERRED;


--
-- Name: auth_user_groups auth_user_groups_user_id_6a12ed8b_fk_auth_user_id; Type: FK CONSTRAINT; Schema: public; Owner: jaswinder
--

ALTER TABLE ONLY public.auth_user_groups
    ADD CONSTRAINT auth_user_groups_user_id_6a12ed8b_fk_auth_user_id FOREIGN KEY (user_id) REFERENCES public.auth_user(id) DEFERRABLE INITIALLY DEFERRED;


--
-- Name: auth_user_user_permissions auth_user_user_permi_permission_id_1fbb5f2c_fk_auth_perm; Type: FK CONSTRAINT; Schema: public; Owner: jaswinder
--

ALTER TABLE ONLY public.auth_user_user_permissions
    ADD CONSTRAINT auth_user_user_permi_permission_id_1fbb5f2c_fk_auth_perm FOREIGN KEY (permission_id) REFERENCES public.auth_permission(id) DEFERRABLE INITIALLY DEFERRED;


--
-- Name: auth_user_user_permissions auth_user_user_permissions_user_id_a95ead1b_fk_auth_user_id; Type: FK CONSTRAINT; Schema: public; Owner: jaswinder
--

ALTER TABLE ONLY public.auth_user_user_permissions
    ADD CONSTRAINT auth_user_user_permissions_user_id_a95ead1b_fk_auth_user_id FOREIGN KEY (user_id) REFERENCES public.auth_user(id) DEFERRABLE INITIALLY DEFERRED;


--
-- Name: booking_booking booking_booking_room_id_8844468d_fk_booking_room_id; Type: FK CONSTRAINT; Schema: public; Owner: jaswinder
--

ALTER TABLE ONLY public.booking_booking
    ADD CONSTRAINT booking_booking_room_id_8844468d_fk_booking_room_id FOREIGN KEY (room_id) REFERENCES public.booking_room(id) DEFERRABLE INITIALLY DEFERRED;


--
-- Name: booking_booking booking_booking_user_id_e1eb6912_fk_auth_user_id; Type: FK CONSTRAINT; Schema: public; Owner: jaswinder
--

ALTER TABLE ONLY public.booking_booking
    ADD CONSTRAINT booking_booking_user_id_e1eb6912_fk_auth_user_id FOREIGN KEY (user_id) REFERENCES public.auth_user(id) DEFERRABLE INITIALLY DEFERRED;


--
-- Name: booking_room booking_room_hotel_id_adb8f31e_fk_booking_hotel_id; Type: FK CONSTRAINT; Schema: public; Owner: jaswinder
--

ALTER TABLE ONLY public.booking_room
    ADD CONSTRAINT booking_room_hotel_id_adb8f31e_fk_booking_hotel_id FOREIGN KEY (hotel_id) REFERENCES public.booking_hotel(id) DEFERRABLE INITIALLY DEFERRED;


--
-- Name: django_admin_log django_admin_log_content_type_id_c4bce8eb_fk_django_co; Type: FK CONSTRAINT; Schema: public; Owner: jaswinder
--

ALTER TABLE ONLY public.django_admin_log
    ADD CONSTRAINT django_admin_log_content_type_id_c4bce8eb_fk_django_co FOREIGN KEY (content_type_id) REFERENCES public.django_content_type(id) DEFERRABLE INITIALLY DEFERRED;


--
-- Name: django_admin_log django_admin_log_user_id_c564eba6_fk_auth_user_id; Type: FK CONSTRAINT; Schema: public; Owner: jaswinder
--

ALTER TABLE ONLY public.django_admin_log
    ADD CONSTRAINT django_admin_log_user_id_c564eba6_fk_auth_user_id FOREIGN KEY (user_id) REFERENCES public.auth_user(id) DEFERRABLE INITIALLY DEFERRED;


--
-- Name: DATABASE hotel_booking_db; Type: ACL; Schema: -; Owner: postgres
--

GRANT ALL ON DATABASE hotel_booking_db TO jaswinder;


--
-- PostgreSQL database dump complete
--

--
-- Database "postgres" dump
--

\connect postgres

--
-- PostgreSQL database dump
--

-- Dumped from database version 12.19 (Ubuntu 12.19-0ubuntu0.20.04.1)
-- Dumped by pg_dump version 12.19 (Ubuntu 12.19-0ubuntu0.20.04.1)

SET statement_timeout = 0;
SET lock_timeout = 0;
SET idle_in_transaction_session_timeout = 0;
SET client_encoding = 'UTF8';
SET standard_conforming_strings = on;
SELECT pg_catalog.set_config('search_path', '', false);
SET check_function_bodies = false;
SET xmloption = content;
SET client_min_messages = warning;
SET row_security = off;

--
-- PostgreSQL database dump complete
--

--
-- PostgreSQL database cluster dump complete
--

